COIN,USD,RUB,BTC
BTC,9225.19,501154.22,1
ETC,25.62,1397.14,0.002763
ETH,1062.35,58184,0.1161
HUSH,4.73,256.84,0.0005125
KMD,4.95,269.07,0.0005369
XMR,244.99,13265.55,0.02647
XVG,0.06009,3.23,6.44e-06
ZCL,104.89,5698.12,0.01137
ZEC,380,20482.17,0.04087
